[
  {
    "id": 1,
    "name": "Куртка Denim",
    "price": 79.99,
    "image": "/static/images/jacket.jpg",
    "description": "Стильна джинсова куртка."
  },
  {
    "id": 2,
    "name": "Джинси Classic",
    "price": 59.99,
    "image": "/static/images/jeans.jpg",
    "description": "Класичні сині джинси."
  },
  {
    "id": 3,
    "name": "пкаккп",
    "price": 4000.0,
    "image": "/static/images/unnamed.jpg",
    "description": "пиааипи"
  }
]